{"cameraMode":{"drawMode":0,"name":"Shaded","section":"Shading Mode"},"sceneLighting":false,"audioPlay":false,"sceneViewState":{"m_AlwaysRefresh":true,"showFog":true,"showSkybox":false,"showFlares":true,"showImageEffects":true,"showParticleSystems":true,"showVisualEffectGraphs":true,"m_FxEnabled":true},"in2DMode":false,"pivot":{"x":-0.38198894262313845,"y":1.4442888498306275,"z":0.5373468995094299},"rotation":{"x":-0.08213799446821213,"y":0.8721264004707336,"z":-0.45604637265205386,"w":-0.15707843005657197},"size":1.0228416919708253,"orthographic":false}