{"cameraMode":{"drawMode":0,"name":"Shaded","section":"Shading Mode"},"sceneLighting":false,"audioPlay":false,"sceneViewState":{"m_AlwaysRefresh":true,"showFog":true,"showSkybox":false,"showFlares":true,"showImageEffects":true,"showParticleSystems":true,"showVisualEffectGraphs":true,"m_FxEnabled":true},"in2DMode":false,"pivot":{"x":2.7888009548187258,"y":3.7433671951293947,"z":2.9341962337493898},"rotation":{"x":0.2334766387939453,"y":-0.6593306660652161,"z":0.22721515595912934,"w":0.6777539849281311},"size":3.363499879837036,"orthographic":false}