{"cameraMode":{"drawMode":0,"name":"Shaded","section":"Shading Mode"},"sceneLighting":false,"audioPlay":false,"sceneViewState":{"m_AlwaysRefresh":true,"showFog":true,"showSkybox":false,"showFlares":true,"showImageEffects":true,"showParticleSystems":true,"showVisualEffectGraphs":true,"m_FxEnabled":true},"in2DMode":false,"pivot":{"x":3.0345282554626467,"y":1.9069621562957764,"z":0.947778582572937},"rotation":{"x":0.10619474202394486,"y":-0.8850153684616089,"z":0.3797305226325989,"w":0.24755015969276429},"size":0.4330126941204071,"orthographic":false}