{"cameraMode":{"drawMode":0,"name":"Shaded","section":"Shading Mode"},"sceneLighting":false,"audioPlay":false,"sceneViewState":{"m_AlwaysRefresh":true,"showFog":true,"showSkybox":false,"showFlares":true,"showImageEffects":true,"showParticleSystems":true,"showVisualEffectGraphs":true,"m_FxEnabled":true},"in2DMode":false,"pivot":{"x":5.313036918640137,"y":-0.22540569305419923,"z":-0.13582384586334229},"rotation":{"x":0.19554632902145387,"y":-0.6171985864639282,"z":0.16209276020526887,"w":0.7446894645690918},"size":3.3107588291168215,"orthographic":false}