{"cameraMode":{"drawMode":0,"name":"Shaded","section":"Shading Mode"},"sceneLighting":false,"audioPlay":false,"sceneViewState":{"m_AlwaysRefresh":true,"showFog":true,"showSkybox":false,"showFlares":true,"showImageEffects":true,"showParticleSystems":true,"showVisualEffectGraphs":true,"m_FxEnabled":true},"in2DMode":false,"pivot":{"x":0.6656476855278015,"y":4.911373615264893,"z":4.598972320556641},"rotation":{"x":0.07886651158332825,"y":-0.8947690725326538,"z":0.40313562750816347,"w":0.17509286105632783},"size":0.010759115219116211,"orthographic":false}